query T
SELECT SUBSTRING('12345', null)
----
NULL

query T
SELECT SUBSTRING(null, 2)
----
NULL

query T
SELECT SUBSTRING(null, null)
----
NULL

statement ok
SELECT SUBSTRING('12345', 0)

query T
SELECT SUBSTRING('12345', 1)
----
12345

query T
SELECT SUBSTRING('12345', 5)
----
5

statement ok
SELECT SUBSTRING('12345', 6)

statement ok
SELECT SUBSTRING('12345', 2, 0)

query T
SELECT SUBSTRING('12345', 2, 1)
----
2

query T
SELECT SUBSTRING('12345', 2, 5)
----
2345

query T
SELECT SUBSTRING('12345', 2, 6)
----
2345

query T
SELECT SUBSTRING('12345', 2, number) FROM numbers(7) ORDER BY number
----
(empty)
2
23
234
2345
2345
2345

query T
SELECT SUBSTRING('12345', number) FROM numbers(7) ORDER BY number
----
(empty)
12345
2345
345
45
5
(empty)

query T
SELECT SUBSTRING('12345', number, 2) FROM numbers(7) ORDER BY number
----
(empty)
12
23
34
45
5
(empty)

query T
SELECT SUBSTRING('12345', number, number) FROM numbers(7) ORDER BY number
----
(empty)
1
23
345
45
5
(empty)

query T
SELECT SUBSTRING(to_varchar(number * 100 + number), 2) FROM numbers(7) ORDER BY number
----
(empty)
01
02
03
04
05
06

query T
SELECT SUBSTRING(to_varchar(number * 100 + number), 1, 1) FROM numbers(7) ORDER BY number
----
0
1
2
3
4
5
6

query T
SELECT SUBSTRING(to_varchar(number * 100 + number), 1, number) FROM numbers(7) ORDER BY number
----
(empty)
1
20
303
404
505
606

query T
SELECT SUBSTRING(to_varchar(number * 100 + number), number) FROM numbers(7) ORDER BY number
----
(empty)
101
02
3
(empty)
(empty)
(empty)

query T
SELECT SUBSTRING(to_varchar(number * 100 + number), number, 1) FROM numbers(7) ORDER BY number
----
(empty)
1
0
3
(empty)
(empty)
(empty)

query T
SELECT SUBSTRING(to_varchar(number * 100 + number), number, number) FROM numbers(7) ORDER BY number
----
(empty)
1
02
3
(empty)
(empty)
(empty)

query T
SELECT SUBSTRING('12345' FROM 2)
----
2345

query T
SELECT SUBSTRING('12345' FROM 2 FOR 1)
----
2

query T
SELECT MID('12345', 2, 1)
----
2

query T
SELECT SUBSTR('12345', 2, 1)
----
2


statement ok
set sql_dialect = 'hive'

query T
SELECT SUBSTR('12345', 0, 1)
----
1

query T
SELECT SUBSTRING('12345', 0, 1)
----
1


query TI
select substr('城区主城区其他', 1, 6), length('我爱中国')
----
城区主城区其 4


statement ok
set collation = 'utf8'


query TI
select substr('城区主城区其他', 1, 6), length('我爱中国')
----
城区主城区其	4

statement ok
unset sql_dialect
