query IIIF
SELECT 1 + 1 as a, 1 - 1, 1 * 1, 1 / 2
----
2 0 1 0.5

query II
SELECT -1, +1
----
-1 1

query F
SELECT 8 / 2
----
4.0

statement error 1006
SELECT 8 / 0

query III
SELECT 1 // 2, 4 // 3, 1 // (5 // 2)
----
0 1 0

statement error 1006
SELECT 8 // 0

statement error 1006
SELECT 20 DIV 0

query I
SELECT 20 DIV 1
----
20

query I
SELECT 20 DIV 2
----
10

query I
SELECT 20 DIV 3
----
6

query I
SELECT 20 DIV 4
----
5

query I
SELECT 20 DIV 5
----
4

query I
SELECT 20 DIV 6
----
3

query I
SELECT 20 DIV 7
----
2

query I
SELECT 20 DIV 8.1
----
2

query I
SELECT 20.1 DIV 9
----
2

query TTTTT
SELECT typeof(-to_uint32(1)), typeof(-to_uint64(1)), typeof(-to_int32(1)), typeof(-to_float32(1)), typeof(+to_uint8(1))
----
TINYINT TINYINT TINYINT FLOAT TINYINT UNSIGNED

query TTTT
SELECT Null + 1, Null - 1, Null * 1, Null / 1
----
NULL NULL NULL NULL

query FF
SELECT 1 + 1.0, 1 + 2.0
----
2.0 3.0

query FFF
SELECT 2 ^ 3, 2 ^ 0, 2 ^ -1
----
8.0 1.0 0.5

query FFF
SELECT |/ 25.0, |/ 64.0, |/ 81.0
----
5.0 8.0 9.0

query FFF
SELECT ||/ 8.0, ||/ 64.0, ||/ 125.0
----
2.0 4.0 5.0

query III
SELECT 3 !, 5!, 12!
----
6 120 479001600

query FFF
SELECT @ -3.0, @ 0.0, @ -3.3
----
3.0 0.0 3.3

query III
SELECT 91&15, 12&7, 21&28
----
11 4 20

query III
SELECT 32|3, 12|6, 47|31
----
35 14 63

query III
SELECT 17#5, 6#11, 21#37
----
20 13 48

query III
SELECT ~1,~3,~-2
----
-2 -4 1

query III
SELECT 1<<2, 3<<1, 4<<3
----
4 6 32

query III
SELECT 4>>1, 8>>2, 16>>3, '333' + 4
----
2 2 2 337

query I
select * from numbers(4) where -number > -1;
----
0


## decimal

statement ok
create table test3 (
	amount1 DECIMAL(38, 18) NULL,
	amount2 DECIMAL(28, 8) NULL
);

statement ok
insert into test3 values('30.606168460000000000','30.60616846');


query TTTTTT
select sum(amount1)a ,  sum(amount2) b , a  +  b, a - b, a * b, a / b from test3;
----
30.606168460000000000 30.60616846 61.212336920000000000 0.000000000000000000 936.73754780189877160000000000 1.000000000000000000

statement ok
drop table test3

