statement ok
CREATE TABLE table1 (
    key1 String,
    key2 String,
    key3 String
);

statement ok
CREATE TABLE table2 (
    key1 String,
    key2 String,
    key3 String
);

statement ok
INSERT INTO table1 (key1, key2, key3) VALUES
('A', 'B', 'C'), ('D', 'E', 'F'), ('G', 'H', 'I'), ('J', 'K', 'L'),
('M', 'N', 'O'), ('P', 'Q', 'R'), ('S', 'T', 'U'), ('V', 'W', 'X'),
('Y', 'Z', 'AA'), ('AB', 'AC', 'AD');

statement ok
INSERT INTO table2 (key1, key2, key3) VALUES
('A', 'B', 'C'), ('D', 'E', 'F'), ('G', 'I', 'K'), ('L', 'M', 'N'),
('O', 'P', 'Q'), ('R', 'S', 'T'),
('AA', 'AB', 'AC'), ('AD', 'AE', 'AF');

query TT
SELECT table1.key1, table1.key2 FROM table1
INNER JOIN table2 ON table1.key1 = table2.key1 order by table1.key1;
----
A B
D E
G H

query TT
SELECT table1.key1, table1.key2 FROM table1
INNER JOIN table2 ON table1.key1 = table2.key1 AND table1.key2 = table2.key2 order by table1.key1;
----
A B
D E


query TT
SELECT table1.key1, table1.key2 FROM table1
INNER JOIN table2 ON table1.key1 = table2.key1 AND table1.key2 = table2.key2 AND table1.key3 = table2.key3 order by table1.key1;
----
A B
D E

query TT
SELECT table1.key1, table1.key2 FROM table1
Right JOIN table2 ON table1.key1 = table2.key1 order by table1.key1;
----
A B
D E
G H
NULL NULL
NULL NULL
NULL NULL
NULL NULL
NULL NULL

query TT
SELECT table1.key1, table1.key2 FROM table1
Right JOIN table2 ON table1.key1 = table2.key1 AND table1.key2 = table2.key2 order by table1.key1;
----
A B
D E
NULL NULL
NULL NULL
NULL NULL
NULL NULL
NULL NULL
NULL NULL

query TT
SELECT table1.key1, table1.key2 FROM table1
Right JOIN table2 ON table1.key1 = table2.key1 AND table1.key2 = table2.key2 AND table1.key3 = table2.key3 order by table1.key1;
----
A B
D E
NULL NULL
NULL NULL
NULL NULL
NULL NULL
NULL NULL
NULL NULL

statement ok
drop table table1;

statement ok
drop table table2;
